,total_loss,barlow_loss,mse_loss
0,643.5966796875,643.02392578125,0.5727778673171997
1,173.28939819335938,172.88333129882812,0.40607404708862305
